<?xml version="1.0" encoding="UTF-8" standalone="yes"?>
<addon id="plugin.program.rickssticks" name="RicksSticks" version="18.5.0" provider-name="RicksSticks">
  <requires>
    <import addon="xbmc.python" version="2.1.0"/>
  </requires>
  <extension point="xbmc.python.pluginsource" library="default.py">
    <provides>executable</provides>
  </extension>
  <extension point="xbmc.service" library="startup.py" start="startup" />
  <extension point="xbmc.addon.metadata">
    <summary lang="en">RicksSticks</summary>
    <description lang="en">RicksSticks Wizard for latest updated addons.</description>
    <platform>all</platform>
  </extension>
</addon>